{"cameraMode":{"drawMode":0,"name":"Shaded","section":"Shading Mode"},"sceneLighting":false,"audioPlay":false,"sceneViewState":{"m_AlwaysRefresh":false,"showFog":true,"showSkybox":false,"showFlares":true,"showImageEffects":true,"showParticleSystems":true,"showVisualEffectGraphs":true,"m_FxEnabled":true},"in2DMode":false,"pivot":{"x":-0.023143287748098375,"y":0.02848495915532112,"z":0.7300148606300354},"rotation":{"x":0.0025382700841873886,"y":-0.9887773990631104,"z":0.1500546634197235,"w":0.02068021148443222},"size":0.08018903434276581,"orthographic":false}