{"cameraMode":{"drawMode":0,"name":"Shaded","section":"Shading Mode"},"sceneLighting":false,"audioPlay":false,"sceneViewState":{"m_AlwaysRefresh":false,"showFog":true,"showSkybox":false,"showFlares":true,"showImageEffects":true,"showParticleSystems":true,"showVisualEffectGraphs":true,"m_FxEnabled":true},"in2DMode":false,"pivot":{"x":-0.06788189709186554,"y":0.0167999267578125,"z":-0.027562526986002923},"rotation":{"x":-0.34790849685668948,"y":0.6176268458366394,"z":-0.352267324924469,"w":-0.6115367412567139},"size":0.08569488674402237,"orthographic":false}