{"cameraMode":{"drawMode":0,"name":"Shaded","section":"Shading Mode"},"sceneLighting":true,"audioPlay":false,"sceneViewState":{"m_AlwaysRefresh":false,"showFog":true,"showSkybox":true,"showFlares":true,"showImageEffects":true,"showParticleSystems":true,"showVisualEffectGraphs":true,"m_FxEnabled":true},"in2DMode":false,"pivot":{"x":-1.2720983028411866,"y":10.915518760681153,"z":-12.60105037689209},"rotation":{"x":-0.4524134695529938,"y":0.014974325895309449,"z":-0.0076187592931091789,"w":-0.8917209506034851},"size":1.2256578207015992,"orthographic":false}