{"cameraMode":{"drawMode":0,"name":"Shaded","section":"Shading Mode"},"sceneLighting":false,"audioPlay":false,"sceneViewState":{"m_AlwaysRefresh":false,"showFog":true,"showSkybox":false,"showFlares":true,"showImageEffects":true,"showParticleSystems":true,"showVisualEffectGraphs":true,"m_FxEnabled":true},"in2DMode":false,"pivot":{"x":-0.07685844600200653,"y":0.01679992862045765,"z":-0.1752251833677292},"rotation":{"x":0.3841440677642822,"y":0.11676999926567078,"z":-0.04850412532687187,"w":0.9148105978965759},"size":0.2240208089351654,"orthographic":false}