{"cameraMode":{"drawMode":0,"name":"Shaded","section":"Shading Mode"},"sceneLighting":true,"audioPlay":false,"sceneViewState":{"m_AlwaysRefresh":false,"showFog":true,"showSkybox":true,"showFlares":true,"showImageEffects":true,"showParticleSystems":true,"showVisualEffectGraphs":true,"m_FxEnabled":true},"in2DMode":false,"pivot":{"x":-0.14908237755298615,"y":14.624067306518555,"z":-4.734713077545166},"rotation":{"x":0.40352800488471987,"y":0.011280519887804985,"z":-0.005046488251537085,"w":0.9148984551429749},"size":2.270829439163208,"orthographic":false}